rank,symbol,name,industry,score_total,score_revenue,score_expectation_gap,score_price_volume,score_theme_group,score_chip,score_catalyst,risk_penalty,score_raw_available_norm,score_coverage_adjusted,score_cap,stage,entry_zone,reasons,risk_flags,last_close,ret_20d,ret_60d,volume_z_20,volume_expansion_ratio,rs_20d,rs_60d,breakout_flag,breakout_120d_flag,ma_alignment_bull_flag,mode,score_data_coverage_ratio,robot_slot_coverage_ratio,robot_slot_statuses,available_radars,degraded_radars,core_data_ready_flag,created_at
1,3088,艾訊,,36.6,,100.0,83.0,,,,0.0,91.5,36.6,70.0,S2,early_watch,"[""突破 120 日整理區"", ""成交量為 20 日均量 2.0 倍，屬於有效放量區"", ""均線結構轉為多頭排列"", ""價量轉強但尚未完全過熱，預期差仍可接受""]","[""surveillance 缺資料，注意/處置風險未驗證"", ""revenue 缺資料，基本面未驗證"", ""chip 缺資料，籌碼未驗證"", ""catalyst 缺資料，缺少 1-6 個月重估催化劑""]",108.0,0.3449564134495642,0.24855491329479773,1.4987712305428975,2.0353387429097762,,,1,1,1,simple_price_volume_mode,0.4,0.25,"{""PRICE_SLOT"": ""installed"", ""UNIVERSE_SLOT"": ""installed"", ""REVENUE_SLOT"": ""missing"", ""CHIP_SLOT"": ""missing"", ""SURVEILLANCE_SLOT"": ""missing"", ""CATALYST_SLOT"": ""missing"", ""CORPORATE_SLOT"": ""missing"", ""FINANCIAL_SLOT"": ""missing"", ""VALUATION_SLOT"": ""missing"", ""CALENDAR_SLOT"": ""partial""}","[""expectation_gap"", ""price_volume""]","[""revenue"", ""theme_group"", ""chip"", ""catalyst"", ""surveillance""]",0,2026-05-12T21:50:49
2,3577,泓格,,36.6,,100.0,83.0,,,,0.0,91.5,36.6,70.0,S2,early_watch,"[""突破 120 日整理區"", ""成交量為 20 日均量 2.2 倍，屬於有效放量區"", ""均線結構轉為多頭排列"", ""價量轉強但尚未完全過熱，預期差仍可接受""]","[""surveillance 缺資料，注意/處置風險未驗證"", ""revenue 缺資料，基本面未驗證"", ""chip 缺資料，籌碼未驗證"", ""catalyst 缺資料，缺少 1-6 個月重估催化劑""]",87.3,0.24182076813655762,0.37697160883280745,2.2296679767984333,2.154379062353261,,,1,1,1,simple_price_volume_mode,0.4,0.25,"{""PRICE_SLOT"": ""installed"", ""UNIVERSE_SLOT"": ""installed"", ""REVENUE_SLOT"": ""missing"", ""CHIP_SLOT"": ""missing"", ""SURVEILLANCE_SLOT"": ""missing"", ""CATALYST_SLOT"": ""missing"", ""CORPORATE_SLOT"": ""missing"", ""FINANCIAL_SLOT"": ""missing"", ""VALUATION_SLOT"": ""missing"", ""CALENDAR_SLOT"": ""partial""}","[""expectation_gap"", ""price_volume""]","[""revenue"", ""theme_group"", ""chip"", ""catalyst"", ""surveillance""]",0,2026-05-12T21:50:49
3,5443,均豪,,36.6,,100.0,83.0,,,,0.0,91.5,36.6,70.0,S2,early_watch,"[""突破 120 日整理區"", ""成交量為 20 日均量 2.3 倍，屬於有效放量區"", ""均線結構轉為多頭排列"", ""價量轉強但尚未完全過熱，預期差仍可接受""]","[""surveillance 缺資料，注意/處置風險未驗證"", ""revenue 缺資料，基本面未驗證"", ""chip 缺資料，籌碼未驗證"", ""catalyst 缺資料，缺少 1-6 個月重估催化劑""]",129.5,0.3002008032128516,0.39097744360902253,2.1830401146594776,2.2930085433932037,,,1,1,1,simple_price_volume_mode,0.4,0.25,"{""PRICE_SLOT"": ""installed"", ""UNIVERSE_SLOT"": ""installed"", ""REVENUE_SLOT"": ""missing"", ""CHIP_SLOT"": ""missing"", ""SURVEILLANCE_SLOT"": ""missing"", ""CATALYST_SLOT"": ""missing"", ""CORPORATE_SLOT"": ""missing"", ""FINANCIAL_SLOT"": ""missing"", ""VALUATION_SLOT"": ""missing"", ""CALENDAR_SLOT"": ""partial""}","[""expectation_gap"", ""price_volume""]","[""revenue"", ""theme_group"", ""chip"", ""catalyst"", ""surveillance""]",0,2026-05-12T21:50:49
4,5464,霖宏,,36.6,,100.0,83.0,,,,0.0,91.5,36.6,70.0,S2,early_watch,"[""突破 120 日整理區"", ""成交量為 20 日均量 2.3 倍，屬於有效放量區"", ""均線結構轉為多頭排列"", ""價量轉強但尚未完全過熱，預期差仍可接受""]","[""surveillance 缺資料，注意/處置風險未驗證"", ""revenue 缺資料，基本面未驗證"", ""chip 缺資料，籌碼未驗證"", ""catalyst 缺資料，缺少 1-6 個月重估催化劑""]",33.0,0.17229129662522213,0.2815533980582525,2.1996199447736666,2.280632464038206,,,1,1,1,simple_price_volume_mode,0.4,0.25,"{""PRICE_SLOT"": ""installed"", ""UNIVERSE_SLOT"": ""installed"", ""REVENUE_SLOT"": ""missing"", ""CHIP_SLOT"": ""missing"", ""SURVEILLANCE_SLOT"": ""missing"", ""CATALYST_SLOT"": ""missing"", ""CORPORATE_SLOT"": ""missing"", ""FINANCIAL_SLOT"": ""missing"", ""VALUATION_SLOT"": ""missing"", ""CALENDAR_SLOT"": ""partial""}","[""expectation_gap"", ""price_volume""]","[""revenue"", ""theme_group"", ""chip"", ""catalyst"", ""surveillance""]",0,2026-05-12T21:50:49
5,5864,致和證,,36.6,,100.0,83.0,,,,0.0,91.5,36.6,70.0,S2,early_watch,"[""突破 120 日整理區"", ""成交量為 20 日均量 1.7 倍，屬於有效放量區"", ""均線結構轉為多頭排列"", ""價量轉強但尚未完全過熱，預期差仍可接受""]","[""surveillance 缺資料，注意/處置風險未驗證"", ""revenue 缺資料，基本面未驗證"", ""chip 缺資料，籌碼未驗證"", ""catalyst 缺資料，缺少 1-6 個月重估催化劑""]",28.5,0.22317596566523612,0.3411764705882352,1.2390805801556883,1.6861020704601937,,,1,1,1,simple_price_volume_mode,0.4,0.25,"{""PRICE_SLOT"": ""installed"", ""UNIVERSE_SLOT"": ""installed"", ""REVENUE_SLOT"": ""missing"", ""CHIP_SLOT"": ""missing"", ""SURVEILLANCE_SLOT"": ""missing"", ""CATALYST_SLOT"": ""missing"", ""CORPORATE_SLOT"": ""missing"", ""FINANCIAL_SLOT"": ""missing"", ""VALUATION_SLOT"": ""missing"", ""CALENDAR_SLOT"": ""partial""}","[""expectation_gap"", ""price_volume""]","[""revenue"", ""theme_group"", ""chip"", ""catalyst"", ""surveillance""]",0,2026-05-12T21:50:49
6,5904,寶雅,,36.6,,100.0,83.0,,,,0.0,91.5,36.6,70.0,S2,early_watch,"[""突破 120 日整理區"", ""成交量為 20 日均量 1.7 倍，屬於有效放量區"", ""均線結構轉為多頭排列"", ""價量轉強但尚未完全過熱，預期差仍可接受""]","[""surveillance 缺資料，注意/處置風險未驗證"", ""revenue 缺資料，基本面未驗證"", ""chip 缺資料，籌碼未驗證"", ""catalyst 缺資料，缺少 1-6 個月重估催化劑""]",575.0,0.16514690982776092,0.43034825870646776,1.0110427559347883,1.7157310871853104,,,1,1,1,simple_price_volume_mode,0.4,0.25,"{""PRICE_SLOT"": ""installed"", ""UNIVERSE_SLOT"": ""installed"", ""REVENUE_SLOT"": ""missing"", ""CHIP_SLOT"": ""missing"", ""SURVEILLANCE_SLOT"": ""missing"", ""CATALYST_SLOT"": ""missing"", ""CORPORATE_SLOT"": ""missing"", ""FINANCIAL_SLOT"": ""missing"", ""VALUATION_SLOT"": ""missing"", ""CALENDAR_SLOT"": ""partial""}","[""expectation_gap"", ""price_volume""]","[""revenue"", ""theme_group"", ""chip"", ""catalyst"", ""surveillance""]",0,2026-05-12T21:50:49
7,6197,佳必琪,,36.6,,100.0,83.0,,,,0.0,91.5,36.6,70.0,S2,early_watch,"[""突破 120 日整理區"", ""成交量為 20 日均量 2.3 倍，屬於有效放量區"", ""均線結構轉為多頭排列"", ""價量轉強但尚未完全過熱，預期差仍可接受""]","[""surveillance 缺資料，注意/處置風險未驗證"", ""revenue 缺資料，基本面未驗證"", ""chip 缺資料，籌碼未驗證"", ""catalyst 缺資料，缺少 1-6 個月重估催化劑""]",208.0,0.3123028391167193,0.4054054054054055,1.953959783270266,2.3015099213403034,,,1,1,1,simple_price_volume_mode,0.4,0.25,"{""PRICE_SLOT"": ""installed"", ""UNIVERSE_SLOT"": ""installed"", ""REVENUE_SLOT"": ""missing"", ""CHIP_SLOT"": ""missing"", ""SURVEILLANCE_SLOT"": ""missing"", ""CATALYST_SLOT"": ""missing"", ""CORPORATE_SLOT"": ""missing"", ""FINANCIAL_SLOT"": ""missing"", ""VALUATION_SLOT"": ""missing"", ""CALENDAR_SLOT"": ""partial""}","[""expectation_gap"", ""price_volume""]","[""revenue"", ""theme_group"", ""chip"", ""catalyst"", ""surveillance""]",0,2026-05-12T21:50:49
8,3680,家登,,33.6,,85.0,83.0,,,,0.0,84.0,33.6,70.0,S2,early_watch,"[""突破 120 日整理區"", ""成交量為 20 日均量 2.1 倍，屬於有效放量區"", ""均線結構轉為多頭排列"", ""價量轉強但尚未完全過熱，預期差仍可接受""]","[""surveillance 缺資料，注意/處置風險未驗證"", ""revenue 缺資料，基本面未驗證"", ""chip 缺資料，籌碼未驗證"", ""catalyst 缺資料，缺少 1-6 個月重估催化劑""]",537.0,0.42629482071713154,0.22742857142857154,1.813053426391964,2.0976725631260056,,,1,1,1,simple_price_volume_mode,0.4,0.25,"{""PRICE_SLOT"": ""installed"", ""UNIVERSE_SLOT"": ""installed"", ""REVENUE_SLOT"": ""missing"", ""CHIP_SLOT"": ""missing"", ""SURVEILLANCE_SLOT"": ""missing"", ""CATALYST_SLOT"": ""missing"", ""CORPORATE_SLOT"": ""missing"", ""FINANCIAL_SLOT"": ""missing"", ""VALUATION_SLOT"": ""missing"", ""CALENDAR_SLOT"": ""partial""}","[""expectation_gap"", ""price_volume""]","[""revenue"", ""theme_group"", ""chip"", ""catalyst"", ""surveillance""]",0,2026-05-12T21:50:49
9,2465,麗臺,,31.6,,85.0,73.0,,,,0.0,79.0,31.6,70.0,S2,early_watch,"[""突破 120 日整理區"", ""成交量為 20 日均量 2.2 倍，屬於有效放量區"", ""站上 20 日與 60 日均線"", ""價量轉強但尚未完全過熱，預期差仍可接受""]","[""surveillance 缺資料，注意/處置風險未驗證"", ""revenue 缺資料，基本面未驗證"", ""chip 缺資料，籌碼未驗證"", ""catalyst 缺資料，缺少 1-6 個月重估催化劑""]",74.0,0.42307692307692313,0.3120567020914957,1.2448988522982483,2.156927664216472,,,1,1,0,simple_price_volume_mode,0.4,0.25,"{""PRICE_SLOT"": ""installed"", ""UNIVERSE_SLOT"": ""installed"", ""REVENUE_SLOT"": ""missing"", ""CHIP_SLOT"": ""missing"", ""SURVEILLANCE_SLOT"": ""missing"", ""CATALYST_SLOT"": ""missing"", ""CORPORATE_SLOT"": ""missing"", ""FINANCIAL_SLOT"": ""missing"", ""VALUATION_SLOT"": ""missing"", ""CALENDAR_SLOT"": ""partial""}","[""expectation_gap"", ""price_volume""]","[""revenue"", ""theme_group"", ""chip"", ""catalyst"", ""surveillance""]",0,2026-05-12T21:50:49
10,3260,威剛,,27.6,,100.0,38.0,,,,0.0,69.0,27.6,70.0,S2,early_watch,"[""成交量為 20 日均量 1.2 倍，屬於有效放量區"", ""均線結構轉為多頭排列"", ""價量轉強但尚未完全過熱，預期差仍可接受""]","[""surveillance 缺資料，注意/處置風險未驗證"", ""revenue 缺資料，基本面未驗證"", ""chip 缺資料，籌碼未驗證"", ""catalyst 缺資料，缺少 1-6 個月重估催化劑""]",436.0,0.30149253731343273,0.4704890387858347,0.47520490971369705,1.2151517279677024,,,0,0,1,simple_price_volume_mode,0.4,0.25,"{""PRICE_SLOT"": ""installed"", ""UNIVERSE_SLOT"": ""installed"", ""REVENUE_SLOT"": ""missing"", ""CHIP_SLOT"": ""missing"", ""SURVEILLANCE_SLOT"": ""missing"", ""CATALYST_SLOT"": ""missing"", ""CORPORATE_SLOT"": ""missing"", ""FINANCIAL_SLOT"": ""missing"", ""VALUATION_SLOT"": ""missing"", ""CALENDAR_SLOT"": ""partial""}","[""expectation_gap"", ""price_volume""]","[""revenue"", ""theme_group"", ""chip"", ""catalyst"", ""surveillance""]",0,2026-05-12T21:50:49
11,3498,陽程,,27.6,,100.0,38.0,,,,0.0,69.0,27.6,70.0,S2,early_watch,"[""成交量為 20 日均量 1.5 倍，屬於有效放量區"", ""均線結構轉為多頭排列"", ""價量轉強但尚未完全過熱，預期差仍可接受""]","[""surveillance 缺資料，注意/處置風險未驗證"", ""revenue 缺資料，基本面未驗證"", ""chip 缺資料，籌碼未驗證"", ""catalyst 缺資料，缺少 1-6 個月重估催化劑""]",87.7,0.2728592162554426,0.750499001996008,0.9289565438017314,1.5080040264039742,,,0,0,1,simple_price_volume_mode,0.4,0.25,"{""PRICE_SLOT"": ""installed"", ""UNIVERSE_SLOT"": ""installed"", ""REVENUE_SLOT"": ""missing"", ""CHIP_SLOT"": ""missing"", ""SURVEILLANCE_SLOT"": ""missing"", ""CATALYST_SLOT"": ""missing"", ""CORPORATE_SLOT"": ""missing"", ""FINANCIAL_SLOT"": ""missing"", ""VALUATION_SLOT"": ""missing"", ""CALENDAR_SLOT"": ""partial""}","[""expectation_gap"", ""price_volume""]","[""revenue"", ""theme_group"", ""chip"", ""catalyst"", ""surveillance""]",0,2026-05-12T21:50:49
12,3526,凡甲,,27.6,,100.0,38.0,,,,0.0,69.0,27.6,70.0,S2,early_watch,"[""成交量為 20 日均量 1.8 倍，屬於有效放量區"", ""均線結構轉為多頭排列"", ""價量轉強但尚未完全過熱，預期差仍可接受""]","[""surveillance 缺資料，注意/處置風險未驗證"", ""revenue 缺資料，基本面未驗證"", ""chip 缺資料，籌碼未驗證"", ""catalyst 缺資料，缺少 1-6 個月重估催化劑""]",330.0,0.22222222222222232,0.2890625,0.9766672643748792,1.8057307923793244,,,0,0,1,simple_price_volume_mode,0.4,0.25,"{""PRICE_SLOT"": ""installed"", ""UNIVERSE_SLOT"": ""installed"", ""REVENUE_SLOT"": ""missing"", ""CHIP_SLOT"": ""missing"", ""SURVEILLANCE_SLOT"": ""missing"", ""CATALYST_SLOT"": ""missing"", ""CORPORATE_SLOT"": ""missing"", ""FINANCIAL_SLOT"": ""missing"", ""VALUATION_SLOT"": ""missing"", ""CALENDAR_SLOT"": ""partial""}","[""expectation_gap"", ""price_volume""]","[""revenue"", ""theme_group"", ""chip"", ""catalyst"", ""surveillance""]",0,2026-05-12T21:50:49
13,3580,友威科,,27.6,,100.0,38.0,,,,0.0,69.0,27.6,70.0,S2,early_watch,"[""成交量為 20 日均量 1.7 倍，屬於有效放量區"", ""均線結構轉為多頭排列"", ""價量轉強但尚未完全過熱，預期差仍可接受""]","[""surveillance 缺資料，注意/處置風險未驗證"", ""revenue 缺資料，基本面未驗證"", ""chip 缺資料，籌碼未驗證"", ""catalyst 缺資料，缺少 1-6 個月重估催化劑""]",85.9,0.24312590448625193,0.2359712230215829,1.2100496744550229,1.7102863917480748,,,0,0,1,simple_price_volume_mode,0.4,0.25,"{""PRICE_SLOT"": ""installed"", ""UNIVERSE_SLOT"": ""installed"", ""REVENUE_SLOT"": ""missing"", ""CHIP_SLOT"": ""missing"", ""SURVEILLANCE_SLOT"": ""missing"", ""CATALYST_SLOT"": ""missing"", ""CORPORATE_SLOT"": ""missing"", ""FINANCIAL_SLOT"": ""missing"", ""VALUATION_SLOT"": ""missing"", ""CALENDAR_SLOT"": ""partial""}","[""expectation_gap"", ""price_volume""]","[""revenue"", ""theme_group"", ""chip"", ""catalyst"", ""surveillance""]",0,2026-05-12T21:50:49
14,6026,福邦證,,27.6,,100.0,38.0,,,,0.0,69.0,27.6,70.0,S2,early_watch,"[""成交量為 20 日均量 1.3 倍，屬於有效放量區"", ""均線結構轉為多頭排列"", ""價量轉強但尚未完全過熱，預期差仍可接受""]","[""surveillance 缺資料，注意/處置風險未驗證"", ""revenue 缺資料，基本面未驗證"", ""chip 缺資料，籌碼未驗證"", ""catalyst 缺資料，缺少 1-6 個月重估催化劑""]",15.35,0.06228373702422152,0.04778156996587035,0.4606590022953578,1.2578942417533558,,,0,0,1,simple_price_volume_mode,0.4,0.25,"{""PRICE_SLOT"": ""installed"", ""UNIVERSE_SLOT"": ""installed"", ""REVENUE_SLOT"": ""missing"", ""CHIP_SLOT"": ""missing"", ""SURVEILLANCE_SLOT"": ""missing"", ""CATALYST_SLOT"": ""missing"", ""CORPORATE_SLOT"": ""missing"", ""FINANCIAL_SLOT"": ""missing"", ""VALUATION_SLOT"": ""missing"", ""CALENDAR_SLOT"": ""partial""}","[""expectation_gap"", ""price_volume""]","[""revenue"", ""theme_group"", ""chip"", ""catalyst"", ""surveillance""]",0,2026-05-12T21:50:49
15,6207,雷科,,27.6,,90.0,48.0,,,,0.0,69.0,27.6,70.0,S2,early_watch,"[""突破 120 日整理區"", ""均線結構轉為多頭排列"", ""價量轉強但尚未完全過熱，預期差仍可接受""]","[""surveillance 缺資料，注意/處置風險未驗證"", ""revenue 缺資料，基本面未驗證"", ""chip 缺資料，籌碼未驗證"", ""catalyst 缺資料，缺少 1-6 個月重估催化劑""]",64.5,0.3083164300202841,0.18131868131868134,3.5711343302240373,4.6242903704449585,,,1,1,1,simple_price_volume_mode,0.4,0.25,"{""PRICE_SLOT"": ""installed"", ""UNIVERSE_SLOT"": ""installed"", ""REVENUE_SLOT"": ""missing"", ""CHIP_SLOT"": ""missing"", ""SURVEILLANCE_SLOT"": ""missing"", ""CATALYST_SLOT"": ""missing"", ""CORPORATE_SLOT"": ""missing"", ""FINANCIAL_SLOT"": ""missing"", ""VALUATION_SLOT"": ""missing"", ""CALENDAR_SLOT"": ""partial""}","[""expectation_gap"", ""price_volume""]","[""revenue"", ""theme_group"", ""chip"", ""catalyst"", ""surveillance""]",0,2026-05-12T21:50:49
16,6261,久元,,27.6,,100.0,38.0,,,,0.0,69.0,27.6,70.0,S2,early_watch,"[""成交量為 20 日均量 2.2 倍，屬於有效放量區"", ""均線結構轉為多頭排列"", ""價量轉強但尚未完全過熱，預期差仍可接受""]","[""surveillance 缺資料，注意/處置風險未驗證"", ""revenue 缺資料，基本面未驗證"", ""chip 缺資料，籌碼未驗證"", ""catalyst 缺資料，缺少 1-6 個月重估催化劑""]",91.5,0.27083333333333326,0.30156472261735434,1.2723556730325243,2.2030546730160414,,,0,0,1,simple_price_volume_mode,0.4,0.25,"{""PRICE_SLOT"": ""installed"", ""UNIVERSE_SLOT"": ""installed"", ""REVENUE_SLOT"": ""missing"", ""CHIP_SLOT"": ""missing"", ""SURVEILLANCE_SLOT"": ""missing"", ""CATALYST_SLOT"": ""missing"", ""CORPORATE_SLOT"": ""missing"", ""FINANCIAL_SLOT"": ""missing"", ""VALUATION_SLOT"": ""missing"", ""CALENDAR_SLOT"": ""partial""}","[""expectation_gap"", ""price_volume""]","[""revenue"", ""theme_group"", ""chip"", ""catalyst"", ""surveillance""]",0,2026-05-12T21:50:49
17,6642,富致,,27.6,,100.0,38.0,,,,0.0,69.0,27.6,70.0,S2,early_watch,"[""成交量為 20 日均量 1.2 倍，屬於有效放量區"", ""均線結構轉為多頭排列"", ""價量轉強但尚未完全過熱，預期差仍可接受""]","[""surveillance 缺資料，注意/處置風險未驗證"", ""revenue 缺資料，基本面未驗證"", ""chip 缺資料，籌碼未驗證"", ""catalyst 缺資料，缺少 1-6 個月重估催化劑""]",57.2,0.07518796992481214,0.061224489795918435,0.4190514825776202,1.2121204028169519,,,0,0,1,simple_price_volume_mode,0.4,0.25,"{""PRICE_SLOT"": ""installed"", ""UNIVERSE_SLOT"": ""installed"", ""REVENUE_SLOT"": ""missing"", ""CHIP_SLOT"": ""missing"", ""SURVEILLANCE_SLOT"": ""missing"", ""CATALYST_SLOT"": ""missing"", ""CORPORATE_SLOT"": ""missing"", ""FINANCIAL_SLOT"": ""missing"", ""VALUATION_SLOT"": ""missing"", ""CALENDAR_SLOT"": ""partial""}","[""expectation_gap"", ""price_volume""]","[""revenue"", ""theme_group"", ""chip"", ""catalyst"", ""surveillance""]",0,2026-05-12T21:50:49
18,6651,全宇昕,,27.6,,100.0,38.0,,,,0.0,69.0,27.6,70.0,S2,early_watch,"[""成交量為 20 日均量 1.9 倍，屬於有效放量區"", ""均線結構轉為多頭排列"", ""價量轉強但尚未完全過熱，預期差仍可接受""]","[""surveillance 缺資料，注意/處置風險未驗證"", ""revenue 缺資料，基本面未驗證"", ""chip 缺資料，籌碼未驗證"", ""catalyst 缺資料，缺少 1-6 個月重估催化劑""]",107.0,0.32754342431761807,0.2814371257485031,0.5951682835541863,1.9322893935460044,,,0,0,1,simple_price_volume_mode,0.4,0.25,"{""PRICE_SLOT"": ""installed"", ""UNIVERSE_SLOT"": ""installed"", ""REVENUE_SLOT"": ""missing"", ""CHIP_SLOT"": ""missing"", ""SURVEILLANCE_SLOT"": ""missing"", ""CATALYST_SLOT"": ""missing"", ""CORPORATE_SLOT"": ""missing"", ""FINANCIAL_SLOT"": ""missing"", ""VALUATION_SLOT"": ""missing"", ""CALENDAR_SLOT"": ""partial""}","[""expectation_gap"", ""price_volume""]","[""revenue"", ""theme_group"", ""chip"", ""catalyst"", ""surveillance""]",0,2026-05-12T21:50:49
19,1409,新纖,,27.6,,100.0,38.0,,,,0.0,69.0,27.6,70.0,S2,early_watch,"[""成交量為 20 日均量 1.3 倍，屬於有效放量區"", ""均線結構轉為多頭排列"", ""價量轉強但尚未完全過熱，預期差仍可接受""]","[""surveillance 缺資料，注意/處置風險未驗證"", ""revenue 缺資料，基本面未驗證"", ""chip 缺資料，籌碼未驗證"", ""catalyst 缺資料，缺少 1-6 個月重估催化劑""]",16.799999237060547,0.0873786048195182,0.1125827028241011,0.291766764497383,1.299590707874406,,,0,0,1,simple_price_volume_mode,0.4,0.25,"{""PRICE_SLOT"": ""installed"", ""UNIVERSE_SLOT"": ""installed"", ""REVENUE_SLOT"": ""missing"", ""CHIP_SLOT"": ""missing"", ""SURVEILLANCE_SLOT"": ""missing"", ""CATALYST_SLOT"": ""missing"", ""CORPORATE_SLOT"": ""missing"", ""FINANCIAL_SLOT"": ""missing"", ""VALUATION_SLOT"": ""missing"", ""CALENDAR_SLOT"": ""partial""}","[""expectation_gap"", ""price_volume""]","[""revenue"", ""theme_group"", ""chip"", ""catalyst"", ""surveillance""]",0,2026-05-12T21:50:49
20,1560,中砂,,27.6,,100.0,38.0,,,,0.0,69.0,27.6,70.0,S2,early_watch,"[""成交量為 20 日均量 1.3 倍，屬於有效放量區"", ""均線結構轉為多頭排列"", ""價量轉強但尚未完全過熱，預期差仍可接受""]","[""surveillance 缺資料，注意/處置風險未驗證"", ""revenue 缺資料，基本面未驗證"", ""chip 缺資料，籌碼未驗證"", ""catalyst 缺資料，缺少 1-6 個月重估催化劑""]",540.0,0.26909518213866046,0.2514484356894553,0.982761759309645,1.2664389396199618,,,0,0,1,simple_price_volume_mode,0.4,0.25,"{""PRICE_SLOT"": ""installed"", ""UNIVERSE_SLOT"": ""installed"", ""REVENUE_SLOT"": ""missing"", ""CHIP_SLOT"": ""missing"", ""SURVEILLANCE_SLOT"": ""missing"", ""CATALYST_SLOT"": ""missing"", ""CORPORATE_SLOT"": ""missing"", ""FINANCIAL_SLOT"": ""missing"", ""VALUATION_SLOT"": ""missing"", ""CALENDAR_SLOT"": ""partial""}","[""expectation_gap"", ""price_volume""]","[""revenue"", ""theme_group"", ""chip"", ""catalyst"", ""surveillance""]",0,2026-05-12T21:50:49
21,2034,允強,,27.6,,100.0,38.0,,,,0.0,69.0,27.6,70.0,S2,early_watch,"[""成交量為 20 日均量 1.5 倍，屬於有效放量區"", ""均線結構轉為多頭排列"", ""價量轉強但尚未完全過熱，預期差仍可接受""]","[""surveillance 缺資料，注意/處置風險未驗證"", ""revenue 缺資料，基本面未驗證"", ""chip 缺資料，籌碼未驗證"", ""catalyst 缺資料，缺少 1-6 個月重估催化劑""]",21.299999237060547,0.06234414202318228,0.03649635171992727,0.6589236662031719,1.4669560560582529,,,0,0,1,simple_price_volume_mode,0.4,0.25,"{""PRICE_SLOT"": ""installed"", ""UNIVERSE_SLOT"": ""installed"", ""REVENUE_SLOT"": ""missing"", ""CHIP_SLOT"": ""missing"", ""SURVEILLANCE_SLOT"": ""missing"", ""CATALYST_SLOT"": ""missing"", ""CORPORATE_SLOT"": ""missing"", ""FINANCIAL_SLOT"": ""missing"", ""VALUATION_SLOT"": ""missing"", ""CALENDAR_SLOT"": ""partial""}","[""expectation_gap"", ""price_volume""]","[""revenue"", ""theme_group"", ""chip"", ""catalyst"", ""surveillance""]",0,2026-05-12T21:50:49
22,2330,台積電,,27.6,,100.0,38.0,,,,0.0,69.0,27.6,70.0,S2,early_watch,"[""成交量為 20 日均量 1.3 倍，屬於有效放量區"", ""均線結構轉為多頭排列"", ""價量轉強但尚未完全過熱，預期差仍可接受""]","[""surveillance 缺資料，注意/處置風險未驗證"", ""revenue 缺資料，基本面未驗證"", ""chip 缺資料，籌碼未驗證"", ""catalyst 缺資料，缺少 1-6 個月重估催化劑""]",2135.0,0.21306818181818188,0.21306818181818188,0.9927011994276532,1.3186578838431158,,,0,0,1,simple_price_volume_mode,0.4,0.25,"{""PRICE_SLOT"": ""installed"", ""UNIVERSE_SLOT"": ""installed"", ""REVENUE_SLOT"": ""missing"", ""CHIP_SLOT"": ""missing"", ""SURVEILLANCE_SLOT"": ""missing"", ""CATALYST_SLOT"": ""missing"", ""CORPORATE_SLOT"": ""missing"", ""FINANCIAL_SLOT"": ""missing"", ""VALUATION_SLOT"": ""missing"", ""CALENDAR_SLOT"": ""partial""}","[""expectation_gap"", ""price_volume""]","[""revenue"", ""theme_group"", ""chip"", ""catalyst"", ""surveillance""]",0,2026-05-12T21:50:49
23,2393,億光,,27.6,,100.0,38.0,,,,0.0,69.0,27.6,70.0,S2,early_watch,"[""成交量為 20 日均量 1.4 倍，屬於有效放量區"", ""均線結構轉為多頭排列"", ""價量轉強但尚未完全過熱，預期差仍可接受""]","[""surveillance 缺資料，注意/處置風險未驗證"", ""revenue 缺資料，基本面未驗證"", ""chip 缺資料，籌碼未驗證"", ""catalyst 缺資料，缺少 1-6 個月重估催化劑""]",71.0999984741211,0.06437118601673664,0.2606382367116986,1.4713779404344256,1.37328271260516,,,0,0,1,simple_price_volume_mode,0.4,0.25,"{""PRICE_SLOT"": ""installed"", ""UNIVERSE_SLOT"": ""installed"", ""REVENUE_SLOT"": ""missing"", ""CHIP_SLOT"": ""missing"", ""SURVEILLANCE_SLOT"": ""missing"", ""CATALYST_SLOT"": ""missing"", ""CORPORATE_SLOT"": ""missing"", ""FINANCIAL_SLOT"": ""missing"", ""VALUATION_SLOT"": ""missing"", ""CALENDAR_SLOT"": ""partial""}","[""expectation_gap"", ""price_volume""]","[""revenue"", ""theme_group"", ""chip"", ""catalyst"", ""surveillance""]",0,2026-05-12T21:50:49
24,2451,創見,,27.6,,100.0,38.0,,,,0.0,69.0,27.6,70.0,S2,early_watch,"[""成交量為 20 日均量 1.7 倍，屬於有效放量區"", ""均線結構轉為多頭排列"", ""價量轉強但尚未完全過熱，預期差仍可接受""]","[""surveillance 缺資料，注意/處置風險未驗證"", ""revenue 缺資料，基本面未驗證"", ""chip 缺資料，籌碼未驗證"", ""catalyst 缺資料，缺少 1-6 個月重估催化劑""]",252.5,0.19668246445497628,0.08836206896551735,1.3326778104931676,1.7281945680131294,,,0,0,1,simple_price_volume_mode,0.4,0.25,"{""PRICE_SLOT"": ""installed"", ""UNIVERSE_SLOT"": ""installed"", ""REVENUE_SLOT"": ""missing"", ""CHIP_SLOT"": ""missing"", ""SURVEILLANCE_SLOT"": ""missing"", ""CATALYST_SLOT"": ""missing"", ""CORPORATE_SLOT"": ""missing"", ""FINANCIAL_SLOT"": ""missing"", ""VALUATION_SLOT"": ""missing"", ""CALENDAR_SLOT"": ""partial""}","[""expectation_gap"", ""price_volume""]","[""revenue"", ""theme_group"", ""chip"", ""catalyst"", ""surveillance""]",0,2026-05-12T21:50:49
25,2883,凱基金,,27.6,,100.0,38.0,,,,0.0,69.0,27.6,70.0,S2,early_watch,"[""成交量為 20 日均量 1.3 倍，屬於有效放量區"", ""均線結構轉為多頭排列"", ""價量轉強但尚未完全過熱，預期差仍可接受""]","[""surveillance 缺資料，注意/處置風險未驗證"", ""revenue 缺資料，基本面未驗證"", ""chip 缺資料，籌碼未驗證"", ""catalyst 缺資料，缺少 1-6 個月重估催化劑""]",21.5,0.11688311688311681,0.21126760563380276,0.6477843835806731,1.283228187478142,,,0,0,1,simple_price_volume_mode,0.4,0.25,"{""PRICE_SLOT"": ""installed"", ""UNIVERSE_SLOT"": ""installed"", ""REVENUE_SLOT"": ""missing"", ""CHIP_SLOT"": ""missing"", ""SURVEILLANCE_SLOT"": ""missing"", ""CATALYST_SLOT"": ""missing"", ""CORPORATE_SLOT"": ""missing"", ""FINANCIAL_SLOT"": ""missing"", ""VALUATION_SLOT"": ""missing"", ""CALENDAR_SLOT"": ""partial""}","[""expectation_gap"", ""price_volume""]","[""revenue"", ""theme_group"", ""chip"", ""catalyst"", ""surveillance""]",0,2026-05-12T21:50:49
26,3356,奇偶,,27.6,,100.0,38.0,,,,0.0,69.0,27.6,70.0,S2,early_watch,"[""成交量為 20 日均量 1.5 倍，屬於有效放量區"", ""均線結構轉為多頭排列"", ""價量轉強但尚未完全過熱，預期差仍可接受""]","[""surveillance 缺資料，注意/處置風險未驗證"", ""revenue 缺資料，基本面未驗證"", ""chip 缺資料，籌碼未驗證"", ""catalyst 缺資料，缺少 1-6 個月重估催化劑""]",54.0,0.14649685242920096,0.0986774836938189,0.88141873130855,1.536903631902247,,,0,0,1,simple_price_volume_mode,0.4,0.25,"{""PRICE_SLOT"": ""installed"", ""UNIVERSE_SLOT"": ""installed"", ""REVENUE_SLOT"": ""missing"", ""CHIP_SLOT"": ""missing"", ""SURVEILLANCE_SLOT"": ""missing"", ""CATALYST_SLOT"": ""missing"", ""CORPORATE_SLOT"": ""missing"", ""FINANCIAL_SLOT"": ""missing"", ""VALUATION_SLOT"": ""missing"", ""CALENDAR_SLOT"": ""partial""}","[""expectation_gap"", ""price_volume""]","[""revenue"", ""theme_group"", ""chip"", ""catalyst"", ""surveillance""]",0,2026-05-12T21:50:49
27,4927,泰鼎-KY,,27.6,,100.0,38.0,,,,0.0,69.0,27.6,70.0,S2,early_watch,"[""成交量為 20 日均量 1.7 倍，屬於有效放量區"", ""均線結構轉為多頭排列"", ""價量轉強但尚未完全過熱，預期差仍可接受""]","[""surveillance 缺資料，注意/處置風險未驗證"", ""revenue 缺資料，基本面未驗證"", ""chip 缺資料，籌碼未驗證"", ""catalyst 缺資料，缺少 1-6 個月重估催化劑""]",52.20000076293945,0.30012450259294887,0.4360385957128048,1.0500142968510973,1.6932742650978436,,,0,0,1,simple_price_volume_mode,0.4,0.25,"{""PRICE_SLOT"": ""installed"", ""UNIVERSE_SLOT"": ""installed"", ""REVENUE_SLOT"": ""missing"", ""CHIP_SLOT"": ""missing"", ""SURVEILLANCE_SLOT"": ""missing"", ""CATALYST_SLOT"": ""missing"", ""CORPORATE_SLOT"": ""missing"", ""FINANCIAL_SLOT"": ""missing"", ""VALUATION_SLOT"": ""missing"", ""CALENDAR_SLOT"": ""partial""}","[""expectation_gap"", ""price_volume""]","[""revenue"", ""theme_group"", ""chip"", ""catalyst"", ""surveillance""]",0,2026-05-12T21:50:49
28,6189,豐藝,,27.6,,100.0,38.0,,,,0.0,69.0,27.6,70.0,S2,early_watch,"[""成交量為 20 日均量 1.3 倍，屬於有效放量區"", ""均線結構轉為多頭排列"", ""價量轉強但尚未完全過熱，預期差仍可接受""]","[""surveillance 缺資料，注意/處置風險未驗證"", ""revenue 缺資料，基本面未驗證"", ""chip 缺資料，籌碼未驗證"", ""catalyst 缺資料，缺少 1-6 個月重估催化劑""]",47.95000076293945,0.07752810703234725,0.04580157816152708,0.5153274281015052,1.2882648968400003,,,0,0,1,simple_price_volume_mode,0.4,0.25,"{""PRICE_SLOT"": ""installed"", ""UNIVERSE_SLOT"": ""installed"", ""REVENUE_SLOT"": ""missing"", ""CHIP_SLOT"": ""missing"", ""SURVEILLANCE_SLOT"": ""missing"", ""CATALYST_SLOT"": ""missing"", ""CORPORATE_SLOT"": ""missing"", ""FINANCIAL_SLOT"": ""missing"", ""VALUATION_SLOT"": ""missing"", ""CALENDAR_SLOT"": ""partial""}","[""expectation_gap"", ""price_volume""]","[""revenue"", ""theme_group"", ""chip"", ""catalyst"", ""surveillance""]",0,2026-05-12T21:50:49
29,6579,研揚,,27.6,,100.0,38.0,,,,0.0,69.0,27.6,70.0,S2,early_watch,"[""成交量為 20 日均量 2.1 倍，屬於有效放量區"", ""均線結構轉為多頭排列"", ""價量轉強但尚未完全過熱，預期差仍可接受""]","[""surveillance 缺資料，注意/處置風險未驗證"", ""revenue 缺資料，基本面未驗證"", ""chip 缺資料，籌碼未驗證"", ""catalyst 缺資料，缺少 1-6 個月重估催化劑""]",121.5,0.08000000000000007,0.08968609865470856,2.1841125235463146,2.1415146992766183,,,0,0,1,simple_price_volume_mode,0.4,0.25,"{""PRICE_SLOT"": ""installed"", ""UNIVERSE_SLOT"": ""installed"", ""REVENUE_SLOT"": ""missing"", ""CHIP_SLOT"": ""missing"", ""SURVEILLANCE_SLOT"": ""missing"", ""CATALYST_SLOT"": ""missing"", ""CORPORATE_SLOT"": ""missing"", ""FINANCIAL_SLOT"": ""missing"", ""VALUATION_SLOT"": ""missing"", ""CALENDAR_SLOT"": ""partial""}","[""expectation_gap"", ""price_volume""]","[""revenue"", ""theme_group"", ""chip"", ""catalyst"", ""surveillance""]",0,2026-05-12T21:50:49
30,8162,微矽電子-創,,27.6,,100.0,38.0,,,,0.0,69.0,27.6,70.0,S2,early_watch,"[""成交量為 20 日均量 1.4 倍，屬於有效放量區"", ""均線結構轉為多頭排列"", ""價量轉強但尚未完全過熱，預期差仍可接受""]","[""surveillance 缺資料，注意/處置風險未驗證"", ""revenue 缺資料，基本面未驗證"", ""chip 缺資料，籌碼未驗證"", ""catalyst 缺資料，缺少 1-6 個月重估催化劑""]",50.70000076293945,0.3272251243546347,0.3033418708019944,0.3360489978144469,1.3876212273954274,,,0,0,1,simple_price_volume_mode,0.4,0.25,"{""PRICE_SLOT"": ""installed"", ""UNIVERSE_SLOT"": ""installed"", ""REVENUE_SLOT"": ""missing"", ""CHIP_SLOT"": ""missing"", ""SURVEILLANCE_SLOT"": ""missing"", ""CATALYST_SLOT"": ""missing"", ""CORPORATE_SLOT"": ""missing"", ""FINANCIAL_SLOT"": ""missing"", ""VALUATION_SLOT"": ""missing"", ""CALENDAR_SLOT"": ""partial""}","[""expectation_gap"", ""price_volume""]","[""revenue"", ""theme_group"", ""chip"", ""catalyst"", ""surveillance""]",0,2026-05-12T21:50:49
31,3511,矽瑪,,25.6,,100.0,28.0,,,,0.0,64.0,25.6,70.0,S2,early_watch,"[""成交量為 20 日均量 3.5 倍，屬於有效放量區"", ""站上 20 日與 60 日均線"", ""價量轉強但尚未完全過熱，預期差仍可接受""]","[""surveillance 缺資料，注意/處置風險未驗證"", ""revenue 缺資料，基本面未驗證"", ""chip 缺資料，籌碼未驗證"", ""catalyst 缺資料，缺少 1-6 個月重估催化劑""]",22.85,0.2554945054945057,0.07276995305164324,2.0732628297928004,3.471241342153712,,,0,0,0,simple_price_volume_mode,0.4,0.25,"{""PRICE_SLOT"": ""installed"", ""UNIVERSE_SLOT"": ""installed"", ""REVENUE_SLOT"": ""missing"", ""CHIP_SLOT"": ""missing"", ""SURVEILLANCE_SLOT"": ""missing"", ""CATALYST_SLOT"": ""missing"", ""CORPORATE_SLOT"": ""missing"", ""FINANCIAL_SLOT"": ""missing"", ""VALUATION_SLOT"": ""missing"", ""CALENDAR_SLOT"": ""partial""}","[""expectation_gap"", ""price_volume""]","[""revenue"", ""theme_group"", ""chip"", ""catalyst"", ""surveillance""]",0,2026-05-12T21:50:49
32,2059,川湖,,25.6,,100.0,28.0,,,,0.0,64.0,25.6,70.0,S2,early_watch,"[""成交量為 20 日均量 1.5 倍，屬於有效放量區"", ""站上 20 日與 60 日均線"", ""價量轉強但尚未完全過熱，預期差仍可接受""]","[""surveillance 缺資料，注意/處置風險未驗證"", ""revenue 缺資料，基本面未驗證"", ""chip 缺資料，籌碼未驗證"", ""catalyst 缺資料，缺少 1-6 個月重估催化劑""]",3910.0,0.23149606299212588,0.12195121951219523,1.2150950061705141,1.5337149564437347,,,0,0,0,simple_price_volume_mode,0.4,0.25,"{""PRICE_SLOT"": ""installed"", ""UNIVERSE_SLOT"": ""installed"", ""REVENUE_SLOT"": ""missing"", ""CHIP_SLOT"": ""missing"", ""SURVEILLANCE_SLOT"": ""missing"", ""CATALYST_SLOT"": ""missing"", ""CORPORATE_SLOT"": ""missing"", ""FINANCIAL_SLOT"": ""missing"", ""VALUATION_SLOT"": ""missing"", ""CALENDAR_SLOT"": ""partial""}","[""expectation_gap"", ""price_volume""]","[""revenue"", ""theme_group"", ""chip"", ""catalyst"", ""surveillance""]",0,2026-05-12T21:50:49
33,2449,京元電子,,25.6,,100.0,28.0,,,,0.0,64.0,25.6,70.0,S2,early_watch,"[""成交量為 20 日均量 2.4 倍，屬於有效放量區"", ""站上 20 日與 60 日均線"", ""價量轉強但尚未完全過熱，預期差仍可接受""]","[""surveillance 缺資料，注意/處置風險未驗證"", ""revenue 缺資料，基本面未驗證"", ""chip 缺資料，籌碼未驗證"", ""catalyst 缺資料，缺少 1-6 個月重估催化劑""]",302.5,0.15900383141762453,0.10200364298724951,2.987715228709863,2.412447782248956,,,0,0,0,simple_price_volume_mode,0.4,0.25,"{""PRICE_SLOT"": ""installed"", ""UNIVERSE_SLOT"": ""installed"", ""REVENUE_SLOT"": ""missing"", ""CHIP_SLOT"": ""missing"", ""SURVEILLANCE_SLOT"": ""missing"", ""CATALYST_SLOT"": ""missing"", ""CORPORATE_SLOT"": ""missing"", ""FINANCIAL_SLOT"": ""missing"", ""VALUATION_SLOT"": ""missing"", ""CALENDAR_SLOT"": ""partial""}","[""expectation_gap"", ""price_volume""]","[""revenue"", ""theme_group"", ""chip"", ""catalyst"", ""surveillance""]",0,2026-05-12T21:50:49
34,2474,可成,,25.6,,100.0,28.0,,,,0.0,64.0,25.6,70.0,S2,early_watch,"[""成交量為 20 日均量 1.3 倍，屬於有效放量區"", ""站上 20 日與 60 日均線"", ""價量轉強但尚未完全過熱，預期差仍可接受""]","[""surveillance 缺資料，注意/處置風險未驗證"", ""revenue 缺資料，基本面未驗證"", ""chip 缺資料，籌碼未驗證"", ""catalyst 缺資料，缺少 1-6 個月重估催化劑""]",209.0,0.11170212765957444,0.034653465346534684,0.33566079148852007,1.2713561818777543,,,0,0,0,simple_price_volume_mode,0.4,0.25,"{""PRICE_SLOT"": ""installed"", ""UNIVERSE_SLOT"": ""installed"", ""REVENUE_SLOT"": ""missing"", ""CHIP_SLOT"": ""missing"", ""SURVEILLANCE_SLOT"": ""missing"", ""CATALYST_SLOT"": ""missing"", ""CORPORATE_SLOT"": ""missing"", ""FINANCIAL_SLOT"": ""missing"", ""VALUATION_SLOT"": ""missing"", ""CALENDAR_SLOT"": ""partial""}","[""expectation_gap"", ""price_volume""]","[""revenue"", ""theme_group"", ""chip"", ""catalyst"", ""surveillance""]",0,2026-05-12T21:50:49
35,2480,敦陽科,,25.6,,100.0,28.0,,,,0.0,64.0,25.6,70.0,S2,early_watch,"[""成交量為 20 日均量 1.8 倍，屬於有效放量區"", ""站上 20 日與 60 日均線"", ""價量轉強但尚未完全過熱，預期差仍可接受""]","[""surveillance 缺資料，注意/處置風險未驗證"", ""revenue 缺資料，基本面未驗證"", ""chip 缺資料，籌碼未驗證"", ""catalyst 缺資料，缺少 1-6 個月重估催化劑""]",143.0,0.03623188405797095,0.010600706713780994,1.4264536986273884,1.7652537835630964,,,0,0,0,simple_price_volume_mode,0.4,0.25,"{""PRICE_SLOT"": ""installed"", ""UNIVERSE_SLOT"": ""installed"", ""REVENUE_SLOT"": ""missing"", ""CHIP_SLOT"": ""missing"", ""SURVEILLANCE_SLOT"": ""missing"", ""CATALYST_SLOT"": ""missing"", ""CORPORATE_SLOT"": ""missing"", ""FINANCIAL_SLOT"": ""missing"", ""VALUATION_SLOT"": ""missing"", ""CALENDAR_SLOT"": ""partial""}","[""expectation_gap"", ""price_volume""]","[""revenue"", ""theme_group"", ""chip"", ""catalyst"", ""surveillance""]",0,2026-05-12T21:50:49
36,3006,晶豪科,,25.6,,100.0,28.0,,,,0.0,64.0,25.6,70.0,S2,early_watch,"[""成交量為 20 日均量 1.5 倍，屬於有效放量區"", ""站上 20 日與 60 日均線"", ""價量轉強但尚未完全過熱，預期差仍可接受""]","[""surveillance 缺資料，注意/處置風險未驗證"", ""revenue 缺資料，基本面未驗證"", ""chip 缺資料，籌碼未驗證"", ""catalyst 缺資料，缺少 1-6 個月重估催化劑""]",169.5,0.1299999999999999,0.14915254237288145,0.8324773868951246,1.4707412783075036,,,0,0,0,simple_price_volume_mode,0.4,0.25,"{""PRICE_SLOT"": ""installed"", ""UNIVERSE_SLOT"": ""installed"", ""REVENUE_SLOT"": ""missing"", ""CHIP_SLOT"": ""missing"", ""SURVEILLANCE_SLOT"": ""missing"", ""CATALYST_SLOT"": ""missing"", ""CORPORATE_SLOT"": ""missing"", ""FINANCIAL_SLOT"": ""missing"", ""VALUATION_SLOT"": ""missing"", ""CALENDAR_SLOT"": ""partial""}","[""expectation_gap"", ""price_volume""]","[""revenue"", ""theme_group"", ""chip"", ""catalyst"", ""surveillance""]",0,2026-05-12T21:50:49
37,4540,全球傳動,,25.6,,85.0,83.0,,,,8.0,84.0,25.6,70.0,S2,early_watch,"[""突破 120 日整理區"", ""成交量為 20 日均量 3.3 倍，屬於有效放量區"", ""均線結構轉為多頭排列"", ""價量轉強但尚未完全過熱，預期差仍可接受""]","[""近 20 日漲幅偏高"", ""surveillance 缺資料，注意/處置風險未驗證"", ""revenue 缺資料，基本面未驗證"", ""chip 缺資料，籌碼未驗證"", ""catalyst 缺資料，缺少 1-6 個月重估催化劑""]",68.5,0.6646414935591411,0.41237113402061865,2.4866950543678015,3.300510437857672,,,1,1,1,simple_price_volume_mode,0.4,0.25,"{""PRICE_SLOT"": ""installed"", ""UNIVERSE_SLOT"": ""installed"", ""REVENUE_SLOT"": ""missing"", ""CHIP_SLOT"": ""missing"", ""SURVEILLANCE_SLOT"": ""missing"", ""CATALYST_SLOT"": ""missing"", ""CORPORATE_SLOT"": ""missing"", ""FINANCIAL_SLOT"": ""missing"", ""VALUATION_SLOT"": ""missing"", ""CALENDAR_SLOT"": ""partial""}","[""expectation_gap"", ""price_volume""]","[""revenue"", ""theme_group"", ""chip"", ""catalyst"", ""surveillance""]",0,2026-05-12T21:50:49
38,5269,祥碩,,25.6,,100.0,28.0,,,,0.0,64.0,25.6,70.0,S2,early_watch,"[""成交量為 20 日均量 2.1 倍，屬於有效放量區"", ""站上 20 日與 60 日均線"", ""價量轉強但尚未完全過熱，預期差仍可接受""]","[""surveillance 缺資料，注意/處置風險未驗證"", ""revenue 缺資料，基本面未驗證"", ""chip 缺資料，籌碼未驗證"", ""catalyst 缺資料，缺少 1-6 個月重估催化劑""]",1365.0,0.2816901408450705,0.10975609756097571,1.6027095699687064,2.112567432330158,,,0,0,0,simple_price_volume_mode,0.4,0.25,"{""PRICE_SLOT"": ""installed"", ""UNIVERSE_SLOT"": ""installed"", ""REVENUE_SLOT"": ""missing"", ""CHIP_SLOT"": ""missing"", ""SURVEILLANCE_SLOT"": ""missing"", ""CATALYST_SLOT"": ""missing"", ""CORPORATE_SLOT"": ""missing"", ""FINANCIAL_SLOT"": ""missing"", ""VALUATION_SLOT"": ""missing"", ""CALENDAR_SLOT"": ""partial""}","[""expectation_gap"", ""price_volume""]","[""revenue"", ""theme_group"", ""chip"", ""catalyst"", ""surveillance""]",0,2026-05-12T21:50:49
39,6117,迎廣,,25.6,,100.0,28.0,,,,0.0,64.0,25.6,70.0,S2,early_watch,"[""成交量為 20 日均量 1.5 倍，屬於有效放量區"", ""站上 20 日與 60 日均線"", ""價量轉強但尚未完全過熱，預期差仍可接受""]","[""surveillance 缺資料，注意/處置風險未驗證"", ""revenue 缺資料，基本面未驗證"", ""chip 缺資料，籌碼未驗證"", ""catalyst 缺資料，缺少 1-6 個月重估催化劑""]",88.0999984741211,0.27681157208871143,0.11944093888670548,0.6815734237323696,1.5081211789011388,,,0,0,0,simple_price_volume_mode,0.4,0.25,"{""PRICE_SLOT"": ""installed"", ""UNIVERSE_SLOT"": ""installed"", ""REVENUE_SLOT"": ""missing"", ""CHIP_SLOT"": ""missing"", ""SURVEILLANCE_SLOT"": ""missing"", ""CATALYST_SLOT"": ""missing"", ""CORPORATE_SLOT"": ""missing"", ""FINANCIAL_SLOT"": ""missing"", ""VALUATION_SLOT"": ""missing"", ""CALENDAR_SLOT"": ""partial""}","[""expectation_gap"", ""price_volume""]","[""revenue"", ""theme_group"", ""chip"", ""catalyst"", ""surveillance""]",0,2026-05-12T21:50:49
40,6505,台塑化,,25.6,,100.0,28.0,,,,0.0,64.0,25.6,70.0,S2,early_watch,"[""成交量為 20 日均量 1.5 倍，屬於有效放量區"", ""站上 20 日與 60 日均線"", ""價量轉強但尚未完全過熱，預期差仍可接受""]","[""surveillance 缺資料，注意/處置風險未驗證"", ""revenue 缺資料，基本面未驗證"", ""chip 缺資料，籌碼未驗證"", ""catalyst 缺資料，缺少 1-6 個月重估催化劑""]",56.400001525878906,0.023593522463859706,0.19618239025767603,1.2422918108753502,1.548509670859036,,,0,0,0,simple_price_volume_mode,0.4,0.25,"{""PRICE_SLOT"": ""installed"", ""UNIVERSE_SLOT"": ""installed"", ""REVENUE_SLOT"": ""missing"", ""CHIP_SLOT"": ""missing"", ""SURVEILLANCE_SLOT"": ""missing"", ""CATALYST_SLOT"": ""missing"", ""CORPORATE_SLOT"": ""missing"", ""FINANCIAL_SLOT"": ""missing"", ""VALUATION_SLOT"": ""missing"", ""CALENDAR_SLOT"": ""partial""}","[""expectation_gap"", ""price_volume""]","[""revenue"", ""theme_group"", ""chip"", ""catalyst"", ""surveillance""]",0,2026-05-12T21:50:49
41,6743,安普新,,25.6,,100.0,28.0,,,,0.0,64.0,25.6,70.0,S2,early_watch,"[""成交量為 20 日均量 2.7 倍，屬於有效放量區"", ""站上 20 日與 60 日均線"", ""價量轉強但尚未完全過熱，預期差仍可接受""]","[""surveillance 缺資料，注意/處置風險未驗證"", ""revenue 缺資料，基本面未驗證"", ""chip 缺資料，籌碼未驗證"", ""catalyst 缺資料，缺少 1-6 個月重估催化劑""]",29.700000762939453,0.3288590718577158,0.10204081343781213,1.1660910912373355,2.7176365778261373,,,0,0,0,simple_price_volume_mode,0.4,0.25,"{""PRICE_SLOT"": ""installed"", ""UNIVERSE_SLOT"": ""installed"", ""REVENUE_SLOT"": ""missing"", ""CHIP_SLOT"": ""missing"", ""SURVEILLANCE_SLOT"": ""missing"", ""CATALYST_SLOT"": ""missing"", ""CORPORATE_SLOT"": ""missing"", ""FINANCIAL_SLOT"": ""missing"", ""VALUATION_SLOT"": ""missing"", ""CALENDAR_SLOT"": ""partial""}","[""expectation_gap"", ""price_volume""]","[""revenue"", ""theme_group"", ""chip"", ""catalyst"", ""surveillance""]",0,2026-05-12T21:50:49
42,2221,大甲,,24.6,,100.0,23.0,,,,0.0,61.5,24.6,70.0,S2,early_watch,"[""均線結構轉為多頭排列"", ""價量轉強但尚未完全過熱，預期差仍可接受""]","[""surveillance 缺資料，注意/處置風險未驗證"", ""revenue 缺資料，基本面未驗證"", ""chip 缺資料，籌碼未驗證"", ""catalyst 缺資料，缺少 1-6 個月重估催化劑""]",36.65,0.1765650080256822,0.16719745222929938,-0.25440246089160407,0.6353950649416071,,,0,0,1,simple_price_volume_mode,0.4,0.25,"{""PRICE_SLOT"": ""installed"", ""UNIVERSE_SLOT"": ""installed"", ""REVENUE_SLOT"": ""missing"", ""CHIP_SLOT"": ""missing"", ""SURVEILLANCE_SLOT"": ""missing"", ""CATALYST_SLOT"": ""missing"", ""CORPORATE_SLOT"": ""missing"", ""FINANCIAL_SLOT"": ""missing"", ""VALUATION_SLOT"": ""missing"", ""CALENDAR_SLOT"": ""partial""}","[""expectation_gap"", ""price_volume""]","[""revenue"", ""theme_group"", ""chip"", ""catalyst"", ""surveillance""]",0,2026-05-12T21:50:49
43,3122,笙泉,,24.6,,85.0,38.0,,,,0.0,61.5,24.6,70.0,S2,early_watch,"[""成交量為 20 日均量 1.6 倍，屬於有效放量區"", ""均線結構轉為多頭排列"", ""價量轉強但尚未完全過熱，預期差仍可接受""]","[""surveillance 缺資料，注意/處置風險未驗證"", ""revenue 缺資料，基本面未驗證"", ""chip 缺資料，籌碼未驗證"", ""catalyst 缺資料，缺少 1-6 個月重估催化劑""]",32.7,0.36534446764091877,0.35123966942148765,0.4090852637334197,1.615737303695658,,,0,0,1,simple_price_volume_mode,0.4,0.25,"{""PRICE_SLOT"": ""installed"", ""UNIVERSE_SLOT"": ""installed"", ""REVENUE_SLOT"": ""missing"", ""CHIP_SLOT"": ""missing"", ""SURVEILLANCE_SLOT"": ""missing"", ""CATALYST_SLOT"": ""missing"", ""CORPORATE_SLOT"": ""missing"", ""FINANCIAL_SLOT"": ""missing"", ""VALUATION_SLOT"": ""missing"", ""CALENDAR_SLOT"": ""partial""}","[""expectation_gap"", ""price_volume""]","[""revenue"", ""theme_group"", ""chip"", ""catalyst"", ""surveillance""]",0,2026-05-12T21:50:49
44,3162,精確,,24.6,,100.0,23.0,,,,0.0,61.5,24.6,70.0,S2,early_watch,"[""均線結構轉為多頭排列"", ""價量轉強但尚未完全過熱，預期差仍可接受""]","[""surveillance 缺資料，注意/處置風險未驗證"", ""revenue 缺資料，基本面未驗證"", ""chip 缺資料，籌碼未驗證"", ""catalyst 缺資料，缺少 1-6 個月重估催化劑""]",73.2,0.3165467625899281,0.23857868020304562,-0.21232970306555946,0.8458623328070654,,,0,0,1,simple_price_volume_mode,0.4,0.25,"{""PRICE_SLOT"": ""installed"", ""UNIVERSE_SLOT"": ""installed"", ""REVENUE_SLOT"": ""missing"", ""CHIP_SLOT"": ""missing"", ""SURVEILLANCE_SLOT"": ""missing"", ""CATALYST_SLOT"": ""missing"", ""CORPORATE_SLOT"": ""missing"", ""FINANCIAL_SLOT"": ""missing"", ""VALUATION_SLOT"": ""missing"", ""CALENDAR_SLOT"": ""partial""}","[""expectation_gap"", ""price_volume""]","[""revenue"", ""theme_group"", ""chip"", ""catalyst"", ""surveillance""]",0,2026-05-12T21:50:49
45,3169,亞信,,24.6,,100.0,23.0,,,,0.0,61.5,24.6,70.0,S2,early_watch,"[""均線結構轉為多頭排列"", ""價量轉強但尚未完全過熱，預期差仍可接受""]","[""surveillance 缺資料，注意/處置風險未驗證"", ""revenue 缺資料，基本面未驗證"", ""chip 缺資料，籌碼未驗證"", ""catalyst 缺資料，缺少 1-6 個月重估催化劑""]",103.0,0.1495535714285714,0.0911016949152541,-0.49422342688652965,0.41590999910408666,,,0,0,1,simple_price_volume_mode,0.4,0.25,"{""PRICE_SLOT"": ""installed"", ""UNIVERSE_SLOT"": ""installed"", ""REVENUE_SLOT"": ""missing"", ""CHIP_SLOT"": ""missing"", ""SURVEILLANCE_SLOT"": ""missing"", ""CATALYST_SLOT"": ""missing"", ""CORPORATE_SLOT"": ""missing"", ""FINANCIAL_SLOT"": ""missing"", ""VALUATION_SLOT"": ""missing"", ""CALENDAR_SLOT"": ""partial""}","[""expectation_gap"", ""price_volume""]","[""revenue"", ""theme_group"", ""chip"", ""catalyst"", ""surveillance""]",0,2026-05-12T21:50:49
46,3176,基亞,,24.6,,100.0,23.0,,,,0.0,61.5,24.6,70.0,S2,early_watch,"[""均線結構轉為多頭排列"", ""價量轉強但尚未完全過熱，預期差仍可接受""]","[""surveillance 缺資料，注意/處置風險未驗證"", ""revenue 缺資料，基本面未驗證"", ""chip 缺資料，籌碼未驗證"", ""catalyst 缺資料，缺少 1-6 個月重估催化劑""]",32.95,0.04272151898734178,0.03453689167974883,0.138343404460492,1.156713050507434,,,0,0,1,simple_price_volume_mode,0.4,0.25,"{""PRICE_SLOT"": ""installed"", ""UNIVERSE_SLOT"": ""installed"", ""REVENUE_SLOT"": ""missing"", ""CHIP_SLOT"": ""missing"", ""SURVEILLANCE_SLOT"": ""missing"", ""CATALYST_SLOT"": ""missing"", ""CORPORATE_SLOT"": ""missing"", ""FINANCIAL_SLOT"": ""missing"", ""VALUATION_SLOT"": ""missing"", ""CALENDAR_SLOT"": ""partial""}","[""expectation_gap"", ""price_volume""]","[""revenue"", ""theme_group"", ""chip"", ""catalyst"", ""surveillance""]",0,2026-05-12T21:50:49
47,3303,岱稜,,24.6,,100.0,23.0,,,,0.0,61.5,24.6,70.0,S2,early_watch,"[""均線結構轉為多頭排列"", ""價量轉強但尚未完全過熱，預期差仍可接受""]","[""surveillance 缺資料，注意/處置風險未驗證"", ""revenue 缺資料，基本面未驗證"", ""chip 缺資料，籌碼未驗證"", ""catalyst 缺資料，缺少 1-6 個月重估催化劑""]",49.0,0.09619686800894844,0.04589114194236932,0.2299473141872355,1.1341482575737738,,,0,0,1,simple_price_volume_mode,0.4,0.25,"{""PRICE_SLOT"": ""installed"", ""UNIVERSE_SLOT"": ""installed"", ""REVENUE_SLOT"": ""missing"", ""CHIP_SLOT"": ""missing"", ""SURVEILLANCE_SLOT"": ""missing"", ""CATALYST_SLOT"": ""missing"", ""CORPORATE_SLOT"": ""missing"", ""FINANCIAL_SLOT"": ""missing"", ""VALUATION_SLOT"": ""missing"", ""CALENDAR_SLOT"": ""partial""}","[""expectation_gap"", ""price_volume""]","[""revenue"", ""theme_group"", ""chip"", ""catalyst"", ""surveillance""]",0,2026-05-12T21:50:49
48,3675,德微,,24.6,,100.0,23.0,,,,0.0,61.5,24.6,70.0,S2,early_watch,"[""均線結構轉為多頭排列"", ""價量轉強但尚未完全過熱，預期差仍可接受""]","[""surveillance 缺資料，注意/處置風險未驗證"", ""revenue 缺資料，基本面未驗證"", ""chip 缺資料，籌碼未驗證"", ""catalyst 缺資料，缺少 1-6 個月重估催化劑""]",217.0,0.1955922865013775,0.4229508196721312,-0.3229953490277462,0.6917447655775867,,,0,0,1,simple_price_volume_mode,0.4,0.25,"{""PRICE_SLOT"": ""installed"", ""UNIVERSE_SLOT"": ""installed"", ""REVENUE_SLOT"": ""missing"", ""CHIP_SLOT"": ""missing"", ""SURVEILLANCE_SLOT"": ""missing"", ""CATALYST_SLOT"": ""missing"", ""CORPORATE_SLOT"": ""missing"", ""FINANCIAL_SLOT"": ""missing"", ""VALUATION_SLOT"": ""missing"", ""CALENDAR_SLOT"": ""partial""}","[""expectation_gap"", ""price_volume""]","[""revenue"", ""theme_group"", ""chip"", ""catalyst"", ""surveillance""]",0,2026-05-12T21:50:49
49,3709,鑫聯大投控,,24.6,,100.0,23.0,,,,0.0,61.5,24.6,70.0,S2,early_watch,"[""均線結構轉為多頭排列"", ""價量轉強但尚未完全過熱，預期差仍可接受""]","[""surveillance 缺資料，注意/處置風險未驗證"", ""revenue 缺資料，基本面未驗證"", ""chip 缺資料，籌碼未驗證"", ""catalyst 缺資料，缺少 1-6 個月重估催化劑""]",82.5,0.31160572337042924,0.3458401305057097,0.03306801695979512,1.0263304162211884,,,0,0,1,simple_price_volume_mode,0.4,0.25,"{""PRICE_SLOT"": ""installed"", ""UNIVERSE_SLOT"": ""installed"", ""REVENUE_SLOT"": ""missing"", ""CHIP_SLOT"": ""missing"", ""SURVEILLANCE_SLOT"": ""missing"", ""CATALYST_SLOT"": ""missing"", ""CORPORATE_SLOT"": ""missing"", ""FINANCIAL_SLOT"": ""missing"", ""VALUATION_SLOT"": ""missing"", ""CALENDAR_SLOT"": ""partial""}","[""expectation_gap"", ""price_volume""]","[""revenue"", ""theme_group"", ""chip"", ""catalyst"", ""surveillance""]",0,2026-05-12T21:50:49
50,4556,旭然,,24.6,,100.0,23.0,,,,0.0,61.5,24.6,70.0,S2,early_watch,"[""均線結構轉為多頭排列"", ""價量轉強但尚未完全過熱，預期差仍可接受""]","[""surveillance 缺資料，注意/處置風險未驗證"", ""revenue 缺資料，基本面未驗證"", ""chip 缺資料，籌碼未驗證"", ""catalyst 缺資料，缺少 1-6 個月重估催化劑""]",35.8,0.3458646616541352,0.24090121317157687,-0.23426075382034076,0.6733496870371745,,,0,0,1,simple_price_volume_mode,0.4,0.25,"{""PRICE_SLOT"": ""installed"", ""UNIVERSE_SLOT"": ""installed"", ""REVENUE_SLOT"": ""missing"", ""CHIP_SLOT"": ""missing"", ""SURVEILLANCE_SLOT"": ""missing"", ""CATALYST_SLOT"": ""missing"", ""CORPORATE_SLOT"": ""missing"", ""FINANCIAL_SLOT"": ""missing"", ""VALUATION_SLOT"": ""missing"", ""CALENDAR_SLOT"": ""partial""}","[""expectation_gap"", ""price_volume""]","[""revenue"", ""theme_group"", ""chip"", ""catalyst"", ""surveillance""]",0,2026-05-12T21:50:49
