rank,symbol,name,industry,score_total,score_revenue,score_expectation_gap,score_price_volume,score_theme_group,score_chip,score_catalyst,risk_penalty,stage,entry_zone,reasons,risk_flags,last_close,ret_20d,ret_60d,volume_z_20,rs_20d,rs_60d,breakout_flag,created_at
1,5443,均豪,半導體業,93.8182,,100.0,83.0,100.0,,,0.0,S3,candidate_entry,"[""突破 120 日整理區"", ""成交量為 20 日均量 2.3 倍，屬於有效放量區"", ""均線結構轉為多頭排列"", ""價量轉強但尚未完全過熱，預期差仍可接受""]","[""revenue 缺資料，雷達降級"", ""chip 缺資料，雷達降級"", ""catalyst 缺資料，雷達降級""]",129.5,0.3002008032128516,0.39097744360902253,2.1830401146594776,,,1,2026-05-10T21:50:52
2,5464,霖宏,電子零組件業,92.2319,,100.0,83.0,94.1835,,,0.0,S3,candidate_entry,"[""突破 120 日整理區"", ""成交量為 20 日均量 2.3 倍，屬於有效放量區"", ""均線結構轉為多頭排列"", ""價量轉強但尚未完全過熱，預期差仍可接受""]","[""revenue 缺資料，雷達降級"", ""chip 缺資料，雷達降級"", ""catalyst 缺資料，雷達降級""]",33.0,0.17229129662522213,0.2815533980582525,2.1996199447736666,,,1,2026-05-10T21:50:52
3,6197,佳必琪,電子零組件業,92.2319,,100.0,83.0,94.1835,,,0.0,S3,candidate_entry,"[""突破 120 日整理區"", ""成交量為 20 日均量 2.3 倍，屬於有效放量區"", ""均線結構轉為多頭排列"", ""價量轉強但尚未完全過熱，預期差仍可接受""]","[""revenue 缺資料，雷達降級"", ""chip 缺資料，雷達降級"", ""catalyst 缺資料，雷達降級""]",208.0,0.3123028391167193,0.4054054054054055,1.953959783270266,,,1,2026-05-10T21:50:52
4,3088,艾訊,電腦及週邊設備業,90.3355,,100.0,83.0,87.2302,,,0.0,S3,candidate_entry,"[""突破 120 日整理區"", ""成交量為 20 日均量 2.0 倍，屬於有效放量區"", ""均線結構轉為多頭排列"", ""價量轉強但尚未完全過熱，預期差仍可接受""]","[""revenue 缺資料，雷達降級"", ""chip 缺資料，雷達降級"", ""catalyst 缺資料，雷達降級""]",108.0,0.3449564134495642,0.24855491329479773,1.4987712305428975,,,1,2026-05-10T21:50:52
5,3577,泓格,電腦及週邊設備業,90.3355,,100.0,83.0,87.2302,,,0.0,S3,candidate_entry,"[""突破 120 日整理區"", ""成交量為 20 日均量 2.2 倍，屬於有效放量區"", ""均線結構轉為多頭排列"", ""價量轉強但尚未完全過熱，預期差仍可接受""]","[""revenue 缺資料，雷達降級"", ""chip 缺資料，雷達降級"", ""catalyst 缺資料，雷達降級""]",87.3,0.24182076813655762,0.37697160883280745,2.2296679767984333,,,1,2026-05-10T21:50:52
6,3680,家登,半導體業,88.3636,,85.0,83.0,100.0,,,0.0,S3,candidate_entry,"[""突破 120 日整理區"", ""成交量為 20 日均量 2.1 倍，屬於有效放量區"", ""均線結構轉為多頭排列"", ""價量轉強但尚未完全過熱，預期差仍可接受""]","[""revenue 缺資料，雷達降級"", ""chip 缺資料，雷達降級"", ""catalyst 缺資料，雷達降級""]",537.0,0.42629482071713154,0.22742857142857154,1.813053426391964,,,1,2026-05-10T21:50:52
7,5864,致和證,金融業,83.1579,,100.0,83.0,60.9123,,,0.0,S3,candidate_entry,"[""突破 120 日整理區"", ""成交量為 20 日均量 1.7 倍，屬於有效放量區"", ""均線結構轉為多頭排列"", ""價量轉強但尚未完全過熱，預期差仍可接受""]","[""revenue 缺資料，雷達降級"", ""chip 缺資料，雷達降級"", ""catalyst 缺資料，雷達降級""]",28.5,0.22317596566523612,0.3411764705882352,1.2390805801556883,,,1,2026-05-10T21:50:52
8,5904,寶雅,居家生活類,81.6788,,100.0,83.0,55.489,,,0.0,S3,candidate_entry,"[""突破 120 日整理區"", ""成交量為 20 日均量 1.7 倍，屬於有效放量區"", ""均線結構轉為多頭排列"", ""價量轉強但尚未完全過熱，預期差仍可接受""]","[""revenue 缺資料，雷達降級"", ""chip 缺資料，雷達降級"", ""catalyst 缺資料，雷達降級""]",575.0,0.16514690982776092,0.43034825870646776,1.0110427559347883,,,1,2026-05-10T21:50:52
9,2465,麗臺,電腦及週邊設備業,81.2446,,85.0,73.0,87.2302,,,0.0,S3,candidate_entry,"[""突破 120 日整理區"", ""成交量為 20 日均量 2.2 倍，屬於有效放量區"", ""站上 20 日與 60 日均線"", ""價量轉強但尚未完全過熱，預期差仍可接受""]","[""revenue 缺資料，雷達降級"", ""chip 缺資料，雷達降級"", ""catalyst 缺資料，雷達降級""]",74.0,0.42307692307692313,0.3120567020914957,1.2448988522982483,,,1,2026-05-10T21:50:52
10,4540,全球傳動,電機機械,78.3335,,85.0,83.0,92.5561,,,8.0,S3,candidate_entry,"[""突破 120 日整理區"", ""成交量為 20 日均量 3.3 倍，屬於有效放量區"", ""均線結構轉為多頭排列"", ""價量轉強但尚未完全過熱，預期差仍可接受""]","[""近 20 日漲幅偏高"", ""revenue 缺資料，雷達降級"", ""chip 缺資料，雷達降級"", ""catalyst 缺資料，雷達降級""]",68.5,0.6646414935591411,0.41237113402061865,2.4866950543678015,,,1,2026-05-10T21:50:52
11,3260,威剛,半導體業,77.4545,,100.0,38.0,100.0,,,0.0,S4,hold_or_trail,"[""成交量為 20 日均量 1.2 倍，屬於有效放量區"", ""均線結構轉為多頭排列"", ""價量轉強但尚未完全過熱，預期差仍可接受""]","[""revenue 缺資料，雷達降級"", ""chip 缺資料，雷達降級"", ""catalyst 缺資料，雷達降級""]",436.0,0.30149253731343273,0.4704890387858347,0.47520490971369705,,,0,2026-05-10T21:50:52
12,6261,久元,半導體業,77.4545,,100.0,38.0,100.0,,,0.0,S4,hold_or_trail,"[""成交量為 20 日均量 2.2 倍，屬於有效放量區"", ""均線結構轉為多頭排列"", ""價量轉強但尚未完全過熱，預期差仍可接受""]","[""revenue 缺資料，雷達降級"", ""chip 缺資料，雷達降級"", ""catalyst 缺資料，雷達降級""]",91.5,0.27083333333333326,0.30156472261735434,1.2723556730325243,,,0,2026-05-10T21:50:52
13,6651,全宇昕,半導體業,77.4545,,100.0,38.0,100.0,,,0.0,S4,hold_or_trail,"[""成交量為 20 日均量 1.9 倍，屬於有效放量區"", ""均線結構轉為多頭排列"", ""價量轉強但尚未完全過熱，預期差仍可接受""]","[""revenue 缺資料，雷達降級"", ""chip 缺資料，雷達降級"", ""catalyst 缺資料，雷達降級""]",107.0,0.32754342431761807,0.2814371257485031,0.5951682835541863,,,0,2026-05-10T21:50:52
14,6823,濾能,半導體業,76.7273,,85.0,73.0,100.0,,,8.0,S3,candidate_entry,"[""突破 120 日整理區"", ""成交量為 20 日均量 3.3 倍，屬於有效放量區"", ""站上 20 日與 60 日均線"", ""價量轉強但尚未完全過熱，預期差仍可接受""]","[""近 20 日漲幅偏高"", ""revenue 缺資料，雷達降級"", ""chip 缺資料，雷達降級"", ""catalyst 缺資料，雷達降級""]",96.8,0.5947281713344315,0.5816993464052287,2.497557535049816,,,1,2026-05-10T21:50:52
15,3526,凡甲,電子零組件業,75.8682,,100.0,38.0,94.1835,,,0.0,S4,hold_or_trail,"[""成交量為 20 日均量 1.8 倍，屬於有效放量區"", ""均線結構轉為多頭排列"", ""價量轉強但尚未完全過熱，預期差仍可接受""]","[""revenue 缺資料，雷達降級"", ""chip 缺資料，雷達降級"", ""catalyst 缺資料，雷達降級""]",330.0,0.22222222222222232,0.2890625,0.9766672643748792,,,0,2026-05-10T21:50:52
16,6207,雷科,電子零組件業,75.8682,,90.0,48.0,94.1835,,,0.0,S3,candidate_entry,"[""突破 120 日整理區"", ""均線結構轉為多頭排列"", ""價量轉強但尚未完全過熱，預期差仍可接受""]","[""revenue 缺資料，雷達降級"", ""chip 缺資料，雷達降級"", ""catalyst 缺資料，雷達降級""]",64.5,0.3083164300202841,0.18131868131868134,3.5711343302240373,,,1,2026-05-10T21:50:52
17,6642,富致,電子零組件業,75.8682,,100.0,38.0,94.1835,,,0.0,S2,early_watch,"[""成交量為 20 日均量 1.2 倍，屬於有效放量區"", ""均線結構轉為多頭排列"", ""價量轉強但尚未完全過熱，預期差仍可接受""]","[""revenue 缺資料，雷達降級"", ""chip 缺資料，雷達降級"", ""catalyst 缺資料，雷達降級""]",57.2,0.07518796992481214,0.061224489795918435,0.4190514825776202,,,0,2026-05-10T21:50:52
18,2330,台積電,電子工業,75.4637,,100.0,38.0,92.7004,,,0.0,S4,hold_or_trail,"[""成交量為 20 日均量 1.3 倍，屬於有效放量區"", ""均線結構轉為多頭排列"", ""價量轉強但尚未完全過熱，預期差仍可接受""]","[""revenue 缺資料，雷達降級"", ""chip 缺資料，雷達降級"", ""catalyst 缺資料，雷達降級""]",2135.0,0.21306818181818188,0.21306818181818188,0.9927011994276532,,,0,2026-05-10T21:50:52
19,2393,億光,電子工業,75.4637,,100.0,38.0,92.7004,,,0.0,S2,early_watch,"[""成交量為 20 日均量 1.4 倍，屬於有效放量區"", ""均線結構轉為多頭排列"", ""價量轉強但尚未完全過熱，預期差仍可接受""]","[""revenue 缺資料，雷達降級"", ""chip 缺資料，雷達降級"", ""catalyst 缺資料，雷達降級""]",71.0999984741211,0.06437118601673664,0.2606382367116986,1.4713779404344256,,,0,2026-05-10T21:50:52
20,2451,創見,電子工業,75.4637,,100.0,38.0,92.7004,,,0.0,S4,hold_or_trail,"[""成交量為 20 日均量 1.7 倍，屬於有效放量區"", ""均線結構轉為多頭排列"", ""價量轉強但尚未完全過熱，預期差仍可接受""]","[""revenue 缺資料，雷達降級"", ""chip 缺資料，雷達降級"", ""catalyst 缺資料，雷達降級""]",252.5,0.19668246445497628,0.08836206896551735,1.3326778104931676,,,0,2026-05-10T21:50:52
21,3356,奇偶,電子工業,75.4637,,100.0,38.0,92.7004,,,0.0,S2,early_watch,"[""成交量為 20 日均量 1.5 倍，屬於有效放量區"", ""均線結構轉為多頭排列"", ""價量轉強但尚未完全過熱，預期差仍可接受""]","[""revenue 缺資料，雷達降級"", ""chip 缺資料，雷達降級"", ""catalyst 缺資料，雷達降級""]",54.0,0.14649685242920096,0.0986774836938189,0.88141873130855,,,0,2026-05-10T21:50:52
22,4927,泰鼎-KY,電子工業,75.4637,,100.0,38.0,92.7004,,,0.0,S4,hold_or_trail,"[""成交量為 20 日均量 1.7 倍，屬於有效放量區"", ""均線結構轉為多頭排列"", ""價量轉強但尚未完全過熱，預期差仍可接受""]","[""revenue 缺資料，雷達降級"", ""chip 缺資料，雷達降級"", ""catalyst 缺資料，雷達降級""]",52.20000076293945,0.30012450259294887,0.4360385957128048,1.0500142968510973,,,0,2026-05-10T21:50:52
23,6579,研揚,電子工業,75.4637,,100.0,38.0,92.7004,,,0.0,S2,early_watch,"[""成交量為 20 日均量 2.1 倍，屬於有效放量區"", ""均線結構轉為多頭排列"", ""價量轉強但尚未完全過熱，預期差仍可接受""]","[""revenue 缺資料，雷達降級"", ""chip 缺資料，雷達降級"", ""catalyst 缺資料，雷達降級""]",121.5,0.08000000000000007,0.08968609865470856,2.1841125235463146,,,0,2026-05-10T21:50:52
24,8162,微矽電子-創,電子工業,75.4637,,100.0,38.0,92.7004,,,0.0,S4,hold_or_trail,"[""成交量為 20 日均量 1.4 倍，屬於有效放量區"", ""均線結構轉為多頭排列"", ""價量轉強但尚未完全過熱，預期差仍可接受""]","[""revenue 缺資料，雷達降級"", ""chip 缺資料，雷達降級"", ""catalyst 缺資料，雷達降級""]",50.70000076293945,0.3272251243546347,0.3033418708019944,0.3360489978144469,,,0,2026-05-10T21:50:52
25,1560,中砂,電機機械,75.4244,,100.0,38.0,92.5561,,,0.0,S4,hold_or_trail,"[""成交量為 20 日均量 1.3 倍，屬於有效放量區"", ""均線結構轉為多頭排列"", ""價量轉強但尚未完全過熱，預期差仍可接受""]","[""revenue 缺資料，雷達降級"", ""chip 缺資料，雷達降級"", ""catalyst 缺資料，雷達降級""]",540.0,0.26909518213866046,0.2514484356894553,0.982761759309645,,,0,2026-05-10T21:50:52
26,4576,大銀微系統,電機機械,74.6971,,75.0,83.0,92.5561,,,8.0,S4,hold_or_trail,"[""突破 120 日整理區"", ""成交量為 20 日均量 2.3 倍，屬於有效放量區"", ""均線結構轉為多頭排列"", ""價量轉強但尚未完全過熱，預期差仍可接受""]","[""近 20 日漲幅偏高"", ""revenue 缺資料，雷達降級"", ""chip 缺資料，雷達降級"", ""catalyst 缺資料，雷達降級""]",222.0,0.6946564885496183,0.8048780487804879,1.291304021769707,,,1,2026-05-10T21:50:52
27,5269,祥碩,半導體業,73.8182,,100.0,28.0,100.0,,,0.0,S4,hold_or_trail,"[""成交量為 20 日均量 2.1 倍，屬於有效放量區"", ""站上 20 日與 60 日均線"", ""價量轉強但尚未完全過熱，預期差仍可接受""]","[""revenue 缺資料，雷達降級"", ""chip 缺資料，雷達降級"", ""catalyst 缺資料，雷達降級""]",1365.0,0.2816901408450705,0.10975609756097571,1.6027095699687064,,,0,2026-05-10T21:50:52
28,3511,矽瑪,電子零組件業,72.2319,,100.0,28.0,94.1835,,,0.0,S4,hold_or_trail,"[""成交量為 20 日均量 3.5 倍，屬於有效放量區"", ""站上 20 日與 60 日均線"", ""價量轉強但尚未完全過熱，預期差仍可接受""]","[""revenue 缺資料，雷達降級"", ""chip 缺資料，雷達降級"", ""catalyst 缺資料，雷達降級""]",22.85,0.2554945054945057,0.07276995305164324,2.0732628297928004,,,0,2026-05-10T21:50:52
29,3122,笙泉,半導體業,72.0,,85.0,38.0,100.0,,,0.0,S4,hold_or_trail,"[""成交量為 20 日均量 1.6 倍，屬於有效放量區"", ""均線結構轉為多頭排列"", ""價量轉強但尚未完全過熱，預期差仍可接受""]","[""revenue 缺資料，雷達降級"", ""chip 缺資料，雷達降級"", ""catalyst 缺資料，雷達降級""]",32.7,0.36534446764091877,0.35123966942148765,0.4090852637334197,,,0,2026-05-10T21:50:52
30,3169,亞信,半導體業,72.0,,100.0,23.0,100.0,,,0.0,S2,early_watch,"[""均線結構轉為多頭排列"", ""價量轉強但尚未完全過熱，預期差仍可接受""]","[""revenue 缺資料，雷達降級"", ""chip 缺資料，雷達降級"", ""catalyst 缺資料，雷達降級""]",103.0,0.1495535714285714,0.0911016949152541,-0.49422342688652965,,,0,2026-05-10T21:50:52
31,3675,德微,半導體業,72.0,,100.0,23.0,100.0,,,0.0,S4,hold_or_trail,"[""均線結構轉為多頭排列"", ""價量轉強但尚未完全過熱，預期差仍可接受""]","[""revenue 缺資料，雷達降級"", ""chip 缺資料，雷達降級"", ""catalyst 缺資料，雷達降級""]",217.0,0.1955922865013775,0.4229508196721312,-0.3229953490277462,,,0,2026-05-10T21:50:52
32,4973,廣穎,半導體業,72.0,,100.0,23.0,100.0,,,0.0,S4,hold_or_trail,"[""均線結構轉為多頭排列"", ""價量轉強但尚未完全過熱，預期差仍可接受""]","[""revenue 缺資料，雷達降級"", ""chip 缺資料，雷達降級"", ""catalyst 缺資料，雷達降級""]",83.1,0.34466019417475735,0.598076923076923,-0.4068866407041846,,,0,2026-05-10T21:50:52
33,5236,凌陽創新,半導體業,72.0,,100.0,23.0,100.0,,,0.0,S4,hold_or_trail,"[""均線結構轉為多頭排列"", ""價量轉強但尚未完全過熱，預期差仍可接受""]","[""revenue 缺資料，雷達降級"", ""chip 缺資料，雷達降級"", ""catalyst 缺資料，雷達降級""]",163.5,0.31325301204819267,0.31854838709677424,-0.0052908159594542165,,,0,2026-05-10T21:50:52
34,5299,杰力,半導體業,72.0,,100.0,23.0,100.0,,,0.0,S4,hold_or_trail,"[""均線結構轉為多頭排列"", ""價量轉強但尚未完全過熱，預期差仍可接受""]","[""revenue 缺資料，雷達降級"", ""chip 缺資料，雷達降級"", ""catalyst 缺資料，雷達降級""]",88.9,0.19973009446693668,0.12960609911054632,-0.17993876224321242,,,0,2026-05-10T21:50:52
35,5351,鈺創,半導體業,72.0,,100.0,23.0,100.0,,,0.0,S2,early_watch,"[""均線結構轉為多頭排列"", ""價量轉強但尚未完全過熱，預期差仍可接受""]","[""revenue 缺資料，雷達降級"", ""chip 缺資料，雷達降級"", ""catalyst 缺資料，雷達降級""]",69.8,0.09233176838810642,0.15181518151815165,0.10030108091441965,,,0,2026-05-10T21:50:52
36,6435,大中,半導體業,72.0,,100.0,23.0,100.0,,,0.0,S4,hold_or_trail,"[""均線結構轉為多頭排列"", ""價量轉強但尚未完全過熱，預期差仍可接受""]","[""revenue 缺資料，雷達降級"", ""chip 缺資料，雷達降級"", ""catalyst 缺資料，雷達降級""]",193.0,0.3310344827586207,0.21003134796238254,-0.3904118725023886,,,0,2026-05-10T21:50:52
37,8091,翔名,半導體業,72.0,,100.0,23.0,100.0,,,0.0,S4,hold_or_trail,"[""均線結構轉為多頭排列"", ""價量轉強但尚未完全過熱，預期差仍可接受""]","[""revenue 缺資料，雷達降級"", ""chip 缺資料，雷達降級"", ""catalyst 缺資料，雷達降級""]",192.0,0.33797909407665516,0.4014598540145986,0.202505325077747,,,0,2026-05-10T21:50:52
38,4967,十銓,半導體業,72.0,,85.0,38.0,100.0,,,0.0,S4,hold_or_trail,"[""成交量為 20 日均量 1.4 倍，屬於有效放量區"", ""均線結構轉為多頭排列"", ""價量轉強但尚未完全過熱，預期差仍可接受""]","[""revenue 缺資料，雷達降級"", ""chip 缺資料，雷達降級"", ""catalyst 缺資料，雷達降級""]",281.0,0.4120603015075377,0.3640776699029127,0.49579778667099933,,,0,2026-05-10T21:50:52
39,5471,松翰,半導體業,72.0,,100.0,23.0,100.0,,,0.0,S2,early_watch,"[""均線結構轉為多頭排列"", ""價量轉強但尚未完全過熱，預期差仍可接受""]","[""revenue 缺資料，雷達降級"", ""chip 缺資料，雷達降級"", ""catalyst 缺資料，雷達降級""]",42.0,0.12149530425546029,0.13975581381626467,-0.35439124760017854,,,0,2026-05-10T21:50:52
40,6526,達發,半導體業,72.0,,100.0,23.0,100.0,,,0.0,S4,hold_or_trail,"[""均線結構轉為多頭排列"", ""價量轉強但尚未完全過熱，預期差仍可接受""]","[""revenue 缺資料，雷達降級"", ""chip 缺資料，雷達降級"", ""catalyst 缺資料，雷達降級""]",551.0,0.1875,0.28738317757009346,0.12539294020557323,,,0,2026-05-10T21:50:52
41,6937,天虹,半導體業,72.0,,85.0,38.0,100.0,,,0.0,S4,hold_or_trail,"[""成交量為 20 日均量 2.3 倍，屬於有效放量區"", ""均線結構轉為多頭排列"", ""價量轉強但尚未完全過熱，預期差仍可接受""]","[""revenue 缺資料，雷達降級"", ""chip 缺資料，雷達降級"", ""catalyst 缺資料，雷達降級""]",331.0,0.38784067085953877,0.5183486238532109,2.17386072681019,,,0,2026-05-10T21:50:52
42,2059,川湖,電子工業,71.8274,,100.0,28.0,92.7004,,,0.0,S4,hold_or_trail,"[""成交量為 20 日均量 1.5 倍，屬於有效放量區"", ""站上 20 日與 60 日均線"", ""價量轉強但尚未完全過熱，預期差仍可接受""]","[""revenue 缺資料，雷達降級"", ""chip 缺資料，雷達降級"", ""catalyst 缺資料，雷達降級""]",3910.0,0.23149606299212588,0.12195121951219523,1.2150950061705141,,,0,2026-05-10T21:50:52
43,2449,京元電子,電子工業,71.8274,,100.0,28.0,92.7004,,,0.0,S4,hold_or_trail,"[""成交量為 20 日均量 2.4 倍，屬於有效放量區"", ""站上 20 日與 60 日均線"", ""價量轉強但尚未完全過熱，預期差仍可接受""]","[""revenue 缺資料，雷達降級"", ""chip 缺資料，雷達降級"", ""catalyst 缺資料，雷達降級""]",302.5,0.15900383141762453,0.10200364298724951,2.987715228709863,,,0,2026-05-10T21:50:52
44,2474,可成,電子工業,71.8274,,100.0,28.0,92.7004,,,0.0,S2,early_watch,"[""成交量為 20 日均量 1.3 倍，屬於有效放量區"", ""站上 20 日與 60 日均線"", ""價量轉強但尚未完全過熱，預期差仍可接受""]","[""revenue 缺資料，雷達降級"", ""chip 缺資料，雷達降級"", ""catalyst 缺資料，雷達降級""]",209.0,0.11170212765957444,0.034653465346534684,0.33566079148852007,,,0,2026-05-10T21:50:52
45,2480,敦陽科,電子工業,71.8274,,100.0,28.0,92.7004,,,0.0,S2,early_watch,"[""成交量為 20 日均量 1.8 倍，屬於有效放量區"", ""站上 20 日與 60 日均線"", ""價量轉強但尚未完全過熱，預期差仍可接受""]","[""revenue 缺資料，雷達降級"", ""chip 缺資料，雷達降級"", ""catalyst 缺資料，雷達降級""]",143.0,0.03623188405797095,0.010600706713780994,1.4264536986273884,,,0,2026-05-10T21:50:52
46,3006,晶豪科,電子工業,71.8274,,100.0,28.0,92.7004,,,0.0,S2,early_watch,"[""成交量為 20 日均量 1.5 倍，屬於有效放量區"", ""站上 20 日與 60 日均線"", ""價量轉強但尚未完全過熱，預期差仍可接受""]","[""revenue 缺資料，雷達降級"", ""chip 缺資料，雷達降級"", ""catalyst 缺資料，雷達降級""]",169.5,0.1299999999999999,0.14915254237288145,0.8324773868951246,,,0,2026-05-10T21:50:52
47,6117,迎廣,電子工業,71.8274,,100.0,28.0,92.7004,,,0.0,S4,hold_or_trail,"[""成交量為 20 日均量 1.5 倍，屬於有效放量區"", ""站上 20 日與 60 日均線"", ""價量轉強但尚未完全過熱，預期差仍可接受""]","[""revenue 缺資料，雷達降級"", ""chip 缺資料，雷達降級"", ""catalyst 缺資料，雷達降級""]",88.0999984741211,0.27681157208871143,0.11944093888670548,0.6815734237323696,,,0,2026-05-10T21:50:52
48,6743,安普新,電子工業,71.8274,,100.0,28.0,92.7004,,,0.0,S4,hold_or_trail,"[""成交量為 20 日均量 2.7 倍，屬於有效放量區"", ""站上 20 日與 60 日均線"", ""價量轉強但尚未完全過熱，預期差仍可接受""]","[""revenue 缺資料，雷達降級"", ""chip 缺資料，雷達降級"", ""catalyst 缺資料，雷達降級""]",29.700000762939453,0.3288590718577158,0.10204081343781213,1.1660910912373355,,,0,2026-05-10T21:50:52
49,6175,立敦,電子零組件業,70.4137,,100.0,23.0,94.1835,,,0.0,S4,hold_or_trail,"[""均線結構轉為多頭排列"", ""價量轉強但尚未完全過熱，預期差仍可接受""]","[""revenue 缺資料，雷達降級"", ""chip 缺資料，雷達降級"", ""catalyst 缺資料，雷達降級""]",62.4,0.3068062827225131,0.1576994434137291,-0.3513458757211884,,,0,2026-05-10T21:50:52
50,6259,百徽,電子零組件業,70.4137,,100.0,23.0,94.1835,,,0.0,S4,hold_or_trail,"[""均線結構轉為多頭排列"", ""價量轉強但尚未完全過熱，預期差仍可接受""]","[""revenue 缺資料，雷達降級"", ""chip 缺資料，雷達降級"", ""catalyst 缺資料，雷達降級""]",21.0,0.21739130434782616,0.16666666666666674,-0.310506869549815,,,0,2026-05-10T21:50:52
